<?xml version="1.0" encoding="UTF-8" standalone="yes"?>
<addon id="plugin.program.albinawizard" name="[COLOR yellow][B]AlbinA[/COLOR] [COLOR white]Wizard[/B][/COLOR]" version="1.0.3" provider-name="Just a Bee">
  <requires>
    <import addon="xbmc.python" version="2.1.0"/>
  </requires>
  <extension point="xbmc.python.pluginsource" library="default.py">
        <provides>executable</provides>
  </extension>
  <extension point="xbmc.service" library="startup.py" start="startup" />
  <extension point="xbmc.addon.metadata">
    <summary lang="en">[COLOR yellow]Why so fucking serious?[/COLOR]</summary>
    <description lang="en">This is just Bee wizard. You will install my build. I have no connection with the plugins installed in the build. Have fun !!</description>
    <platform>all</platform>
  </extension>
</addon>